Thema,Bild,Nummer,Titel,Format,Technik,Jahr,Standort,Preis
AAA,,AAA_001,Selbstportrait,70 x 50 cm,Graphit/Papier/Holz,Ohne Jahr,missing,800
AAA,,AAA_002,Blaue Herzdame,70 x 50 cm,Öl/Bw.,Ohne Jahr,missing,800
AAA,,AAA_003,Niklas auf Tür,200 x 80 cm,Graphit/Papier,1986,Galerie Inge x,
AAA,,AAA_004,Gespiegeltes Selbstportrait,80 x 65 cm,Öl/Bw.,Ca. 1984,Luzie,900
AAA,,AAA_005,"Tony Torrillhon, der Kupeferstecher I",75 x 50 cm,Graphit/Papier,1990,missing,350
AAA,,AAA_006,T.-T.- II,75 x 50 cm,Graphit/Papier,1990,missing,350
AAA,,AAA_007,T.-T.- III (Toni Torrihon),75 x 50 cm,Graphit/Papier,1990,missing,350
AAA,,AAA_008,Niklas mehrmals,75 x 50 cm,Graphit/Papier,2000/2005,Luzie,500
AAA,,AAA_009,"Niklas Trüstedt, der Gambenspieler",120 x 100 cm,Graphit/Acryl/Papier,2002,missing,700
AAA,,AAA_010,"M.-V.  (Meyer-Vorfelder,  Fußball)",80 x 100 cm,Graphit/Acryl/Lwd.,2005,Luzie,300
AAA,,AAA_011,St.L.,100 x 80 cm,Graphit/Acryl/Lwd.,2006,Luzie,550
AAA,,AAA_012,St.L. (mit Hand),100 x 80 cm,Graphit/Öl/Lwd.,2005,Luzie,500
AAA,,AAA_013,P.,100 x 80 cm,Acryl/Lwd.,2006,Luzie,450
AAA,,AAA_014,Leszek Kolakowski,100 x 80 cm,Graphit/Lwd.,2010,Luzie,400
AAA,,AAA_015,M.,100 x 80 cm,Öl/Lwd.,2006,Luzie,450
AAA,,AAA_016,J.F.,100 x 80 cm,Öl/Lwd.,2006,Luzie,400
AAA,,AAA_017,M.R.-R.,100 x 80 cm,Öl/Lwd.,2006,Luzie,400
AAA,,AAA_018,Leszek Kolakowski II,,,,missing,
AAA,,AAA_019,Tatjana,,,,missnig,
AAA,,AAA_020,Frau,70 x 50 cm,Graphit/Papier,1984,"Bes. Sara Palmunen, Helsinki",
AAA,,AAA_021,Selbstportrait,,,,missing,
AAA,,AAA_101,Portrait,60 x 40 cm,Mischt./Leinwand,,Luzie,200
AAA,,AAA_102,Portrait,80 x 60 cm,Mischt./Leinwand,,Luzie,200
AAA,,AAA_103,Laurie Anderson,80 x 70 cm,Mischt./Leinwand,,Luzie,200
AAA,,AAA_104,Der Fußballer,110 x 105 cm,Mischt./Leinwand,,Luzie,350
LFG,,LFG_001,Welttheater,80 x 60 cm,Öl/Nessel,1985,Bernhard Lensing,
LFG,,LFG_002,Orpheus auf dem Weg in die Unterwelt,150 x 110 cm,Öl/Eit./Lwd.,1986,Till Burkhardt München,
LFG,,LFG_003,Tag und Nacht,60 x 80 cm,Öl/Holz,1986,Galerie wiese Rotenburg oder Niklas,
LFG,,LFG_004,Blaugrünes Wunder,75 x 95 cm,Öl/Nessel,1991,"DR W. Spann, Gabriele Spann München",
LFG,,LFG_005,Schwangere Auster I,215 x 145 cm,Öl/Lwd.,1988,Droste Immobilien Pistor Kurfürstendamm,
LFG,,LFG_006,Schwangere Auster II,215 x 145 cm,Öl/Lwd.,1988,Droste Immobilien Pistor Kurfürstendamm,
LFG,,LFG_007,Schlucht (Phaetons Sturz),160 x 120 cm,Mischt./Lwd.,1996/1998,Borghees,1200
LFG,,LFG_008,Jeder spielt für sich allein,105 x 125 cm,Öl/Lwd.,1992,Tanja Henningsen,
LFG,,LFG_009,Adam und Eva vor dem Sündenfall,70 x 50 cm,Öl/Lwd.,1998,Felix,
LFG,,LFG_010,Liebe kann kopflos machen,160 x 130 cm,Öl/Lwd.,2008,Luzie,
LFG,,LFG_011,Figurenspiele in Ocker I,60 x 40 cm,Mischt./Lwd.,2003,missing,450
LFG,,LFG_012,Figurenspiele in Ocker II,60 x 40 cm,Mischt./Lwd.,2003,missing,450
LFG,,LFG_013,Figurenspiele in Ocker III,60 x 40 cm,Mischt./Lwd.,2003,missing,450
LFG,,LFG_014,Zirkuskinderspiele,85 x 90 cm,Mischt./Lwd.,2000,Luzie,950
LFG,,LFG_015,Kinderspiele,55 x 70 cm,Mischt./Lwd.,2000,Irmgard,550
LFG,,LFG_016,Augenzwinkern,45 x 55 cm,Mischt./Lwd.,2000,Trütstedt,550
LFG,,LFG_017,Indigo gegen Ocker,45 x 55 cm,Mischt./Lwd.,2000,Borghees,550
LFG,,LFG_018,Kleines Herbstbild Vom Wasser gefällt (Gatow) Stroh,40 x 50 cm,Mischt./Lwd.,1999,Borghees,550
LFG,,LFG_019,Gesellschaft der Traumtänzer,40 x 50 cm,Eit./Öl/Lwd.,1995,Trüstedt,850
LFG,,LFG_020,Nächtliche Begegnung,60 x 40 cm,Öl/Lwd.,1998,Luzie,600
LFG,,LFG_021,Traum von Geborgenheit,80 x 100 cm,Öl/Lwd.,1988,Adolf Babel,
LFG,,LFG_022,Für Matti,75 x 80 cm,Öl/Lwd.,1996,verkauft,
LFG,,LFG_023,Gelbmond über grüner Landschaft,30 x 40 cm,Öl/Lwd.,1996,Trütstedt,350
LFG,,LFG_024,Paradiesgärtlein,50 x 70 cm,Öl/Eit./Lwd.,1996,Borghees,400
LFG,,LFG_025,"Eitel, Spiel und Traurigkeit",105 x 125 cm,Öl/Lwd.,1992,Luzie,950
LFG,,LFG_026,Für Luzie,75 x 80 cm,Öl/Lwd.,1994,Borghees,750
LFG,,LFG_027,Fressen und Gefressen werden,55 x 75 cm,Öl/Nessel,1994,Nanni Burkhardt München,
LFG,,LFG_028,Klingsors Garten,180 x 120 cm,Öl/Lwd.,1993/1994,Luzie,1450
LFG,,LFG_029,"Ritter, Tod und Teufel (Apokalypse)",160 x 120 cm,Mischt./Lwd.,1992/1994,Luzie,1250
LFG,,LFG_030,Pfauenfederlandschaft,49 x 41 cm, Öl/Mischt./Lwd.,1993,Borghees,550
LFG,,LFG_031,Mondlandschaft dramatisch,60 x 70 cm,Öl/Eit./Lwd.,1992,Borghees,550
LFG,,LFG_032,Mond in lyrischer Stimmung auf rauhgrau,40 x 55 cm,Mischt./Lwd.,1992,Borghees,300
LFG,,LFG_033,Feuervogel,150 x 120 cm,Öl/Bw.,2015,Luzie,1250
LFG,,LFG_034,Szenerie,60 x 85 cm,Öl/Lwd.,1991,Borghees,750
LFG,,LFG_035,Baum der Erkenntnis,75 x 95 cm,Öl/Lwd.,1990,missing,800
LFG,,LFG_036,Kopfgeburten,125 x 90 cm,Öl/Nessel,1987/1988,Borghees,1100
LFG,,LFG_037,Augenblicke,130 x 95 cm,Öl/Lwd.,1988,Borghees,1250
LFG,,LFG_038,Dittas Traumbild,75 x 95 cm,Öl/Nessel,1986,finnland Tanja Henningsen,
LFG,,LFG_039,Ach - diese Beziehungen,75 x 70 cm,Öl/Papier/Holz,1983,Trüstedt,
LFG,,LFG_040,Als ein Vogel durch's Grasgebüschel gehen,80 x 115 cm,Papier Glasrahmen,1985/1986,B. Lensing (Leihgabe),
LFG,,LFG_041,Musikspuren,100 x 80 cm,Öl/Lwd.,1987,Tillmann Muthesius  Potsdam,
LFG,,LFG_042,Don Quichotte und Rosinante,75 x 95 cm,Öl/Eit./Nessel,1989,"Rosie Nagel, München",
LFG,,LFG_043,Rote Landschaft,,,,,
LFG,,LFG_044,Mädchen Mona Lisa,70 x 50 cm,Öl/Lwd.,Ohne Jahr,Verkauft in St-Matthäus anTamara,
LFG,,LFG_045,Dämmerung,60 x 80 cm,Öl/Lwd.,1989,Privatbesitzer Berlin,
LFG,,LFG_046,Der rote Fisch,75 x 95 cm,Öl/Lwd.,1990,"München B. Donaubauer Elisabeth, Xaver, Josephine",
LFG,,LFG_047,Blaue Stunde (Silhouette Berlin),75 x 95 cm,Öl/Lwd.,1989,,
LFG,,LFG_048,Flug zwischen Planeten,80 x 100 cm,Öl/Lwd.,2018,Luzie,650
LFG,,LFG_049,Lebenstheater,80 x 60 cm,Öl/Nessel,1985,,
LFG,,LFG_050,Nachtbild (bei Pels Leusden),70 x 50 cm,Öl/Lwd.,1984,verkauft an Arch.Köhn,
LFG,,LFG_051,Toteninsel,100 x 70 cm,Acryl/Papier/Holz,1976,Annegret Lensing/Köln,
LFG,,LFG_052,Das kleine Gelb  Aus Triptychon nach Ginas Gedicht,50 x 60 cm,Öl/Lwd.,1996,Labod  Emmerich,
LFG,,LFG_053,Räkelt sich,50 x 60 cm,Öl/Lwd.,1996,Labod  Emmerich,
LFG,,LFG_054,In tintiges Blau Triptychon nach Ginas Gedicht,50 x 60 cm,Öl/Lwd.,1996,Labod  Emmerich,
LFG,,LFG_055,Ultramarin,40 x 40 cm,Öl/Holz,1988/89,DRK Borken,
LFG,,LFG_056,Mond versteckt in Gelb,80 x 75 cm,Mischt./Lwd.,2001,Katja Janson,950
LFG,,LFG_057,Mond versteckt in Silber,80 x 75 cm,Mischt./Lwd.,2001,Tanja Henningsen,950
LFG,kein Bild,LFG_058,Mond verirrt,70 x 80 cm,Öl/Lwd.,2015,missing,
LFG,,LFG_059,Junge im Tiergarten,115 x 130 cm,Öl/Lwd.,2019,Luzie,850
LFG,,LFG_060,circulum vitae,42 x 30 cm,Tempera/Öl/Papier,1983,missing,
LFG,,LFG_061,kein Titel,,,,missing,
LFG,,LFG_062,Kleine grüne Landschaft mit Bach,23 x 30 cm,Öl/Lwd.,1995,missing,
LFG,,LFG_063,Licht,,Tempera auf Papier,1983,missing,
LFG,,LFG_064,Traum bei Vollmond,70 x 50 cm,Tempera auf Papier,1984,Mechthild,
LFG,,LFG_065,Mondlandschaft Traum,40 x 60 cm,Öl/Lwd. (Spann),1980er,missing,
LFG,,LFG_066,Novembererde-Novemberhimmel,40 x 60 cm,,2000,missing,
LFG,,LFG_067,Paradiesgärtlein,40 x 60 cm ?,Öl/Lwd.,1997,missing,
LFG,,LFG_068,Unheimliche Geschichte,50 x 60 cm,Öl/Lwd.,1993,missing,
LFG,,LFG_069,Welttheater,,Öl/Lwd.,1985,Bernard Lensing,
LFG,,LFG_070,Totentanz,70 x 100 cm,Acryl/Papier,1974,Bei Sara Palmunen/Helsinki,
LFG,,LFG_071,Gesellschaft der Traumtänzer,ca 50 x 75 cm,Öl/Lwd.,1995/1996,,
LFG,,LFG_072,Traumlandschaft mit Vögeln (in Helsinki) ,60 x 80 cm,Öl/Holz,1986,Tanja hennigs,
LFG,,LFG_073,Der graue Tag,40 x 70 cm,Öl/Lwd.,1989,Hegewald,
LFG,,LFG_074,Landschaft mit Rot,25 x 30 cm,Öl/Lwd.,2000,Norbert,
LFG,,LFG_075,Menschliches Theater,60 x 80 cm,Öl/Lwd.,1983,,
LFG,,LFG_076,Himmelsloch (Erinnerung an ein romantisches Bild im Charlottenburger Schloss),30 x 40 cm,Öl/Nessel,1989,,
LFG,,LFG_077,Landschaft mit Mond,40 x 60 cm,Mischt./Lwd.,1992,,
LFG,,LFG_078,Im Labyrinth der Lüste (erste Fassung),70 x 90 cm,Öl/Papier,1985,,
LFG,,LFG_079,Im Labyrinth der Lüste (zweite Fassung),80 x 115 cm,Öl/Lwd.,1985/1986,,
LFG,,LFG_080,Zerschundene Landschaft mit Mond,45 x 55 cm,Öl/Lwd.,1997,Borghees,500
LFG,,LFG_081,Silbermond,60 x 80 cm,Öl/Lwd.,Ohne Jahr,Luzie,400
MET,,MET_001,Janusderwischentanz,125 x 90 cm,Öl/Nessel,1987/1988,Dr. Ellers Kalkar,
MET,,MET_002,Lw5 S1 (Metamorphose einer Figur),215 x 140 cm,Mischt./Lwd.,1987/1989,Luzie,2550
MET,,MET_003,Ecce homo,115 x 80 cm,Öl/Lwd.,1989,Luzie,800
MET,,MET_004,Wunderbarer Fischzug,40 x 60 cm,Öl/Pap./Holz,1989,verkauft,
MET,,MET_005,Wende,160 x 120 cm,Öl/Lwd.,1989/1990,Borghees,1650
MET,,MET_006,Philemon und Baucis,160 x 120 cm,Öl/Nessel,1990/1991,Luzie,1650
MET,,MET_007,Pegasus' Flügelflattern,160 x 120 cm,Mischt./Lwd.,1991,"Helga Fassbinder,  Amsterdam",
MET,,MET_008,Lokalisation,160 x 120 cm,Öl/Lwd.,1995/1999,Luzie,1650
MET,kein Bild,MET_009,Daphne I,160 x 120 cm,Mischt./Lwd.,1996,"Alex Reinhardt-van Gülpen, Emmerich",
MET,,MET_010,Daphne II,160 x 130 cm,Öl/Lwd.,1998,Isabell Schmidtke,1650
MET,,MET_011,Daphne III,160 x 130 cm,Öl / Lwd.,2000,finnland Tanja Henningsen,1650
MET,,MET_012,Schöpfung aus dem Chaos,160 x 120 cm,Mischt./Lwd.,1996,Borghees,1650
MET,,MET_013,Gaja,160 x 120 cm,Mischt./Lwd.,1996/1998,Luzie,1550
MET,,MET_014,In neue Gestalten verwandelte Wesen will ich besingen I,160 x 120 cm,Öl/Nessel,1991,"Hanne Mader,  Ulf Mader, Freiburg  Berlin",
MET,,MET_015,In neue Gestalten verwandelte Wesen will ich besingen II,160 x 120 cm,Öl/Bw.,1990/1991,,1650
MET,,MET_016,Verliebter Pegasus,160 x 120 cm,Öl/Lwd.,1997/1998,ausleihen von der Sparkasse?,
MET,,MET_017,Das Werk der Medusa,160 x 130 cm,Öl/Lwd.,1997/1998,Luzie,1450
MET,,MET_018,Ort der Fama (Gerüchte),160 x 120 cm,Öl/Lwd.,1997/1998,Borghees,1550
MET,,MET_019,"""Alles ist im Fluss"" (Atl. Ozean)",130 x 160 cm,Mischt./Lwd.,1998,Bartek Widera,1550
MET,,MET_101,Gestalten I,140 x 120 cm,Öl/Nessel,Ohne Jahr,Luzie,300
MET,,MET_102,Gestalten II,155 x 105 cm,Öl/Lwd.,Ohne Jahr,Luzie,400
ORJ,,ORJ_001,Spuren im Schnee,55 x 70 cm,Eit./Öl/Lwd.,2001,Borghees,850
ORJ,,ORJ_002,Felsenküste Camaret,90 x 125 cm,Öl/Lwd.,1988/1989,missing,900
ORJ,,ORJ_003,Olivenhain I,100 x 120 cm,Öl/Lwd.,1994,Frau Richter Trüstedt  Berlin,
ORJ,,ORJ_004,Olivenhain II,100 x 120 cm,Öl/Lwd.,1994,Richter / Trüsted,
ORJ,,ORJ_005,Herbstbild,100 x 120 cm,Öl/Lwd.,1996,Van Aaken,
ORJ,,ORJ_006,Spiegelung II  (Pfütze an der Mauer am Checkpoint Charlie),60 x 60 cm,Öl/Lwd.,1988,,
ORJ,,ORJ_007,Gewitter über Umbrien,120 x 80 cm,Öl/Lwd.,1985,"Verkauft: Norbert Loose, Emmerich",
ORJ,,ORJ_008,Herbstbild mit Höhle,100 x 80 cm,Öl/Lwd.,1986,verkauft  Babel,
ORJ,geht nicht,ORJ_009,Baumblüte im Hohenlohischen,60 x 80 cm,Öl/Lwd.,1986,Annegret Lensing  Bergheim,
ORJ,,ORJ_010,Metamorphose einer Landschaft (nach Tschernobyl),70 x 100 cm,Mischt./Lwd.,1986,Luzie,950
ORJ,,ORJ_011,Juniwiese 86 (Juniblühgräserwiese),60 x 80 cm,Öl/Lwd.,1986,Sparkasse Emmerich,
ORJ,,ORJ_012,Felsenküste bei Camaret Bretagne,75 x 95 cm,Öl/Lwd.,1988/1989,Luzie,850
ORJ,,ORJ_013,Sturmflut Palud Bretagne,40 x 70 cm,Öl/Lwd.,1989,Luzie,550
ORJ,,ORJ_014,Italienische Remineszenzen (Umbrien),"40,5 x 40,5 cm",Öl/Mischt./Lwd.,1991,Spann (Geschenk),
ORJ,,ORJ_015,Fundstücke aus dem Serengeti - Gnuschädel,55 x 75 cm,Mischt./Lwd.,1991,Luzie,650
ORJ,,ORJ_016,Wasserläufe durch okrisches Land,45 x 69 cm,Mischt./Lwd.,1991,Borghees,300
ORJ,,ORJ_017,Herbliches Gestüpp,70 x 50 cm,Mischt./Lwd.,1990/2002,Luzie,500
ORJ,,ORJ_018,Weite Ferne (Nahe Weite),105 x 115 cm,Öl/Nessel,1992,Anne Spee,950
ORJ,,ORJ_019,Verwachsene Landschaft - den Fluß hinabretiben lassen,105 x 115 cm,Öl/Lwd.,1992,Verkauft  Ausst.Botanicum München  Paris,
ORJ,,ORJ_020,Wolkengebirge (Umbrien),41 x 49 cm,Öl/Lwd.,1993,Luzie,450
ORJ,,ORJ_021,Pinzgau im März,100 x 120 cm,Öl/Lwd.,1994,Trüstedt,1100
ORJ,,ORJ_022,Frühling im Pinzgau I,100 x 120 cm,Öl/Lwd.,1994,Trüstedt/Richter  Berlin,
ORJ,,ORJ_023,Frühling im Pinzgau II,100 x 120 cm,Öl/Lwd.,1994,"Reinhardt,  Emmerich",
ORJ,,ORJ_024,Jahreszeiten,100 x 120 cm,Öl/Lwd.,1994,Trüstedt,
ORJ,,ORJ_025,Am Wasser blühend,75 x 70 cm,Öl/Lwd.,1995,Sparkasse Emmerich,
ORJ,,ORJ_026,Fortgeschwemmt (Oderhochwasser),50 x 70 cm,Öl/Lwd.,1996,Borghees,550
ORJ,,ORJ_027,Sudelstrudel (Oderhochwasser),60 x 80 cm,Öl/Lwd.,1996,Borghees,650
ORJ,kein Bild,ORJ_028,Angeschwemmt am Niederrhein,50 x 70 cm,Öl/Lwd.,1997,Ruth,
ORJ,,ORJ_029,"""Alles ist im Fluss"" - Wüste Namibia",130 x 160 cm,Mischt./Lwd.,1994,Borghees,1450
ORJ,,ORJ_030,Voorthuysen im Herbst,100 x 120 cm,Mischt./Lwd.,1996,Gisela Baumann,900
ORJ,,ORJ_031,Herbstliche Spree,100 x 120 cm,Mischt./Lwd.,1999,,
ORJ,,ORJ_032,Gewitter in Manhattan,120 x 80 cm,Öl/Lwd.,2010,Annekatrin Selig,850
ORJ,,ORJ_033,Waldlichtung,120 x 80 cm,Öl/Lwd.,2010/2011,Norbert Loose,950
ORJ,,ORJ_034,Popocapétl (Vulkan in Mexiko),180 x 130 cm,Mischt./Lwd.,2000,Luzie,1450
ORJ,,ORJ_035,Suomi (Finnland),125 x 125 cm,Öl/Lwd.,2002,Clara,1100
ORJ,,ORJ_036,Herbstblätter auf der Spree,60 x 75 cm,Eit./Öl/Lwd.,2007,,
ORJ,,ORJ_037,An der Felsenküste Ios I,200 x 150 cm,Eit./Öl/Lwd.,2008,missing,1250
ORJ,,ORJ_038,An der Felsenküste Ios II,150 x 200 cm,Eit./Öl/Lwd.,2008,Luzie,1250
ORJ,,ORJ_039,Rheinbrücke (Emmerich am Rhein),120 x 80 cm,Öl/Lwd.,2010/2011,Niklas Lensing,850
ORJ,,ORJ_040,Ausflug nach Kremmen,75 x 100 cm,Öl/Lwd.,2017,Borghees,750
ORJ,,ORJ_041,Frühschnee in den Alpen – Tiefes Tal,60 x 80 cm,Öl/Lwd.,2010/2011,Borghees,650
ORJ,,ORJ_042,Frühschnee in den Alpen – Rosa Gipfel,60 x 80 cm,Öl/Lwd.,2010/2011,Borghees,650
ORJ,,ORJ_043,Frühschnee in den Alpen – Beschneite Wipfel,60 x 80 cm,Öl/Lwd.,2010/2011,Borghees,650
ORJ,,ORJ_044,Grüne Landschaft 1,70 x 85 cm,Öl / Bw.,2009,Luzie,650
ORJ,,ORJ_045,Grüne Landschaft 2,70 x 85 cm,Öl / Bw.,2009,Dr.Spann  München,
ORJ,,ORJ_046,Indian summer,65 x 80 cm,Öl/Lwd.,2009,Borghees,750
ORJ,,ORJ_047,Spuren im Altschnee,55 x 70 cm,Eit./Öl/Lwd.,2010,Borghees,650
ORJ,,ORJ_048,Spiegelung - Bäume am See,80 x 100 cm,Öl/Lwd.,2010,Luzie,550
ORJ,,ORJ_049,Rheinarm am Niederrhein,80 x 100 cm,Öl/Lwd.,2010,Borghees,500
ORJ,,ORJ_050,Am Ursprung der Menschheit/Afrikanischer Bruch,105 x 105 cm,Öl/Lwd.,2014,Huang Wan-Ling,850
ORJ,,ORJ_051,Baumreihe (mit Wiese) Voorhuysen,,Öl/Lwd.,Ohne Jahr,,
ORJ,,ORJ_053,Panorama von der Rheinbrücke Rhein-abwärts,42 x 60 cm,Öl/Lwd.,2010/2011,,
ORJ,,ORJ_054,Nach dem Hochwasser im Unteren Odertal,100 x 120 cm,Mischt./Lwd.,1997,Luzie,850
ORJ,,ORJ_055,Tabakscheune I im Oderbruch,60 x 80 cm,Öl/Lwd.,1997,Till Burkhardt,
ORJ,,ORJ_056,Tabakscheune II,50 x 70 cm,Öl/Lwd.,1997,Elisabeth Seifert-van de Loo,
ORJ,,ORJ_057,Nach dem Sturm,85 x 90 cm,Öl/Bw.,2013,missing,850
ORJ,,ORJ_058,Schweineopfer der Göttin Pele,100 x 120 cm,Öl/Lwd.,2015,,
ORJ,,ORJ_059,Ehemalige Botschaft in Berlin-Tiergarten,50 x 70 cm,Öl/Lwd.,1984,"Bes. Faru Helga Stockhoff, Emmerich",
ORJ,,ORJ_060,Fundstücke aus dem Serengeti Gnuschädel,60 x 80 cm,Öl/Lwd.,1986,missing,
ORJ,,ORJ_061,Peles Schweineopfer-Krater,100 x 120 cm,Öl/Lwd.,2010er,missing,
ORJ,,ORJ_062,Landschaft im blauen Licht,80 x 100 cm,Öl/Lwd.,1980,verkauft an fischer ,
ORJ,,ORJ_063,Lichteinfall in herbstliche Landschaft,60 x 80 ?,Öl/Lwd.,1989,Grotjahn,
ORJ,,ORJ_064,Pelion - Die Bucht in Griechenland,,,1984,missing,
ORJ,,ORJ_065,Abers Bretagne (Landschaft Obertal),,,1997,missing,
ORJ,,ORJ_066,Criewen,,Gouache auf Papier,1997,missing,
ORJ,,ORJ_067,Toscana,,,Ohne Jahr,Till Burkhardt,
ORJ,,ORJ_068,Niederrhein von der Brücke,25 x 40 cm,,1998,Bilder für Judith,
ORJ,,ORJ_069,Umbria,,Gouache auf Papier,1994,missing,
ORJ,,ORJ_070,Wasserläufe durchs ockrige Land,45 x 68 cm,Mischtechnik,1991,missing,
ORJ,,ORJ_071,Italienische Landschaft I,25 x 40 cm,,,missing,
ORJ,,ORJ_072,Italienische Landschaft II,25 x 40 cm,,,missing,
ORJ,,ORJ_073,Waserläufe im Grünen,60 x 80 cm,Öl/Lwd.,1990er,missing,
ORJ,,ORJ_074,Vor dem Gewitter (Umbrien),40 x 40 cm,Öl/Lwd.,1991,Borghees,300
ORJ,,ORJ_075,Palazzo bei Padua im Winter,70 x 50 cm,Graphit,1983,missing,
ORJ,,ORJ_076,"""permanente""- Padua im Winter",70 x 50 cm,Tempera/Papier,1984,missing,
ORJ,,ORJ_101,NYC I,100 x 140 cm,MIscht./Lwd.,kein Jahr,Luzie,500
ORJ,,ORJ_102,NYC Central Park,100 x 140 cm,MIscht./Lwd.,kein Jahr,Luzie,500
UNY,,UNY_001,"90 Henrystr., Brooklyn Heights",70 x 70 cm,Frottage,2000,Luzie,
UNY,,UNY_002,West Broadway/Grand Street,,Frottage,2000,Luzie,
UNY,,UNY_003,Soho NYC,70 x 70 cm,Frottage,2000,Luzie,
UNY,,UNY_004,NYC ELECTRICAL I,65 x 65 cm,Frottage,2000,Luzie,
UNY,,UNY_005,Varickstr./Carminestr,70 x 70 cm,Frottage,2000,Luzie,
UNY,,UNY_006,NYC TRAFFIC,78 x 78 cm,Frottage,2000,Luzie,
UNY,,UNY_007,Woostr. Soho,118 x 118 cm,Frottage,2000,Luzie,
UNY,,UNY_008,Peckslip/Frontsr Fishmarket,100 x 100 cm,Frottage,2001,Luzie,
UNY,,UNY_009,Brdw./Grndstr,70 x 70 cm,Frottage,2000,Luzie,
UNY,,UNY_010,Broomestr./Mercerstr. Soho,95 x 95 cm,Frottage,2000,Luzie,
UNY,,UNY_011,Middaghstr. Brooklyn,95 x 103 cm,Frottage,2000,Luzie,
UNY,,UNY_012,Grndstr. /Woosterstr. Soho,103 x 103 cm,Frottage,2000,Luzie,
UNY,,UNY_013,"Broadway Bronx, 240/241 str",74 x74 cm,Frottage,2001,Luzie,
UNY,,UNY_014,Crosby st/Broome st I,103 x 103 cm,Frottage,2000,Luzie,
UNY,,UNY_015,31 Vandam Street,103 x 103 cm,Frottage,2001,Luzie,
UNY,,UNY_016,Howardstr. La Fayette,103 x 103 cm,Frottage,2000,Luzie,
UNY,,UNY_017,Willow Street/Orange Street I,103 x 103 cm,Frottage,2000,Luzie,
UNY,,UNY_018,Elisabeth/Kenmare Street,70 x 70 cm,Frottage,2000,Luzie,
UNY,,UNY_019,Grand Street/Centre Street,103 x 103 cm,Frottage,2000,Luzie,
UNY,,UNY_020,Market/Monroe Street,95 x 95 cm,Frottage,2000,Luzie,
UNY,,UNY_021,South St/South East River,95 x 95 cm,Frottage,2001,Luzie,
UNY,,UNY_022,Spruce St/William St/Pace university.,74 x 74 cm,Frottage,2000,Luzie,
UNY,,UNY_023,E 29th/5th Ave.,107 x107 cm,Frottage,2000,Luzie,
UNY,,UNY_024,5th Ave. Metropolitan Museum,70 x 70 cm,Frottage,2000,Luzie,
UNY,,UNY_025,Grand/Wooster,70 x 70 cm,Frottage,2000,Luzie,
UNY,,UNY_026,Manhattan Soho/NYC,70 x 70 cm,Frottage,2000,Luzie,
UNY,,UNY_027,WBR-Way/Chambers Street,70 x 70 cm,Frottage,2000,Luzie,
UNY,,UNY_028,Broadway/Grand Street,,Frottage,2000,Luzie,
UNY,,UNY_029,Manhattan Barrow Street,70 x 70 cm,Frottage,2000,Luzie,
UNY,,UNY_030,Western,70 x 70 cm,Frottage,2000,Luzie,
UNY,,UNY_031,Parks and Rec,74 x 74 cm,Frottage,2000,Luzie,
UNY,,UNY_032,21 Charlton Street,74 x 74 cm,Frottage,2001,Luzie,
UNY,,UNY_033,19 Charlton Street,74 x 74 cm,Frottage,2001,Luzie,
UNY,,UNY_034,FIRE,95 x 95 cm,Frottage,2000,Luzie,
UNY,,UNY_035,Columbia Heights Brooklyn,103 x 103 cm,Frottage,2000,Luzie,
UNY,,UNY_036,mens church institute I,98 x 98 cm,Frottage,2000,Luzie,
UNY,,UNY_037,Edison I,95 x 95 cm,Frottage,2000,Luzie,
UNY,,UNY_038,Star,100 x 100 cm,Frottage,2000,Luzie,
UNY,,UNY_039,519 Broadway,74 x 74 cm,Frottage,2001,Luzie,
UNY,,UNY_040,Washington Square,70 x 70 cm,Frottage,2000,Luzie,
UNY,,UNY_041,Broadway/Grand Street II,74 x 74 cm,Frottage,2000,Luzie,
UNY,,UNY_042,Thompson/Watts Street Soho I,74 x 74 cm,Frottage,2000,Luzie,
UNY,,UNY_043,Edison II,95 x 95 cm,Frottage,2000,Luzie,
UNY,,UNY_044,Broadway 550,103 x 103 cm,Frottage,2000,Luzie,
UNY,,UNY_045,NYC ELECTRICAL II,57 x 71 cm,Frottage,2000,Luzie,
UNY,,UNY_046,NYM,103 x 103 cm,Frottage,2000,Luzie,
UNY,,UNY_047,Crosby/E. Houston,103 x 103 cm,Frottage,2000,Luzie,
UNY,,UNY_048,Houston West Broadway,106 x 106 cm,Frottage,2000,Luzie,
UNY,,UNY_049,in Direct Line With Another & the Next,122 x 122 cm,Frottage,2000,Luzie,
UNY,,UNY_050,Orange Street,70 x 70 cm,Frottage,2000,Luzie,
UNY,,UNY_051,mens church institute II,114 x 114 cm,Frottage,2000,Luzie,
UNY,,UNY_052,Irvingplc.,98 x 107 cm,Frottage,2000,Luzie,
UNY,,UNY_053,West Housto/Green Street,74 x 74 cm,Frottage,2001,Luzie,
UNY,,UNY_054,Broadway/Bronx,,Frottage,2001,Luzie,
UNY,,UNY_055,Willow Street/Orange Street II,,Frottage,2000,Luzie,
UNY,,UNY_056,Worth Street,84 x 84 cm,Frottage,2000,Luzie,
UNY,,UNY_057,Par of the Closters,78 x78 cm,Frottage,2000,Luzie,
UNY,,UNY_058,36 Orange Street I,,Frottage,2000,Luzie,
UNY,,UNY_059,no name,,Frottage,2000,Luzie,
UNY,,UNY_060,5925 Broadway,,Frottage,2001,Luzie,
UNY,,UNY_061,Thompson/Watts Street Soho II,,Frottage,2000,Luzie,
UNY,,UNY_062,808 Broadway (church),74 x 74 cm,Frottage,2000,Luzie,
UNY,,UNY_063,Hamilton/Madison/Commun. Center,72 x 72 cm,Frottage,2000,Luzie,
UNY,,UNY_064,BC Green,74 x 74 cm,Frottage,2000,Luzie,
UNY,,UNY_065,Broadway/Bleecker,74 x 74 cm,Frottage,2001,Luzie,
UNY,,UNY_066,Wayverlyplace Ave of the Americas,98 x 98 cm,Frottage,2000,Luzie,
UNY,,UNY_067,Broadway/Union Square,74 x 74 cm,Frottage,2001,Luzie,
UNY,,UNY_068,Orange Street Brooklyn,59 x 59 cm,Frottage,2000,Luzie,
UNY,,UNY_069,Broadway/12 Street,115 x 155 cm,Frottage,2001,Luzie,
UNY,,UNY_070,Crosby Street,107 x 107 cm,Frottage,2000,Luzie,
WBW,,WBW_001,Lilien I (weiß) blühend,155 x 115 cm,Graphit/Öl/Bw.,2008,Luzie,1350
WBW,,WBW_002,Lilien II (grün) verwelkend,155 x 115 cm,Graphit/Öl/Bw.,2008,Luzie,1350
WBW,,WBW_003,Lilien III (rosa) verwelkt,155 x 115 cm,Graphit/Öl/Bw.,2008,Luzie,1350
WBW,,WBW_004,Lilien IV,60 x 45 cm,Öl/Lwd.,2011,missing,450
WBW,,WBW_005,Lilien V (blau),60 x 45 cm,Öl/Lwd.,2011,missing,450
WBW,,WBW_006,Lilien VI (gold),60 x 45 cm,Öl/Lwd.,2011,missing,450
WBW,,WBW_007,Sonnenblumenfeld,,,1997,Hilla & Wilhelm,
WBW,,WBW_008,Herbstliches Blätterschwirren,150 x 120 cm,Öl/Lwd.,2007,Borghees,1550
WBW,,WBW_009,Durch Hebstblätter zum Himmel hin,160 x 130 cm,Eit./Öl/Lwd.,2004/2005,"Van Echtelt Matthieu, Juditch. Grainauer Str. 11 10777 Berlin",
WBW,,WBW_010,Sonnenblumenfeld,130 x 160 cm,Öl/Acryl/Lwd.,2002/2007,missing,1550
WBW,,WBW_011,Durch Blättergrün zum Himmel hin (groß),200 x 150 cm,Mischt./Lwd.,2002,Luzie,1450
WBW,,WBW_012,Amaryllis (Hibyskus),160 x 130 cm,Öl/Lwd.,2002,Melanie als Leihgabe ,1550
WBW,,WBW_013,Blütenbaum (gelb),160 x 130 cm,Mischt./Lwd.,2001,Tina Abbing,1450
WBW,,WBW_014,Schlängelt ein Bach durch's herbstliche Laub,95 x 75 cm,Misch./Nessel,1991,,
WBW,,WBW_015,Sommer/Mohnbild,160 x 120 cm,Öl/Nessel,1997,Helga Fassbinder A'dam,
WBW,,WBW_016,"Drei Herbstbaumwipfel im Tiergarten, Berlin",100 x 120 cm,Öl/Lwd.,1997,Esther Hebben Lensing Hebben,1100
WBW,kein Bild,WBW_017,Durch Blättergrün zum Himmel hin (klein),120 x 100 cm,Mischt./Lwd.,1996,missing,1100
WBW,,WBW_018,Herbst vor der Stadt,100 x 120 cm,Öl/Lwd.,2015,Luzie,1100
WBW,,WBW_019,Baumbild Birke,125 x 95 cm,Mischt./Lwd.,1995,missing,1100
WBW,,WBW_020,Baumbild Gold,125 x 95 cm,Mischt./Lwd.,1995,missing,1100
WBW,,WBW_021,Grüner Baum,50 x 70 cm,Öl/Lwd.,2009,,
WBW,,WBW_022,Baumbild mit Rost,125 x 95 cm,Mischt./Lwd.,1995,missing,1100
WBW,,WBW_023,Baumbild mit Himmel,125 x 95 cm,Mischt./Lwd.,1995,Borghees,1250
WBW,,WBW_024,Apfelblüte im Mai,100 x 120 cm,Öl/Lwd.,1994,Luzie,nicht verkäuflich
WBW,,WBW_025,Kleines Gräserbild,40 x 60 cm,Öl/Lwd.,Ohne Jahr,,
WBW,,WBW_026,Mein Balkon,105 x 105 cm,Öl/Lwd.,2010,Felix Fassbinder,650
WBW,,WBW_027,Exotische Früchte I,40 x 40 cm,Öl/Lwd.,2003,Borghees,350
WBW,,WBW_028,Exotische Früchte II,40 x 40 cm,Öl/Lwd.,2003,Mechtild,350
WBW,,WBW_029,Exotische Früchte III,40 x 40 cm,Öl/Lwd.,2003,Mechtild,350
WBW,,WBW_030,Exotische Früchte IV,40 x 40 cm,Öl/Lwd.,2003,missing,350
WBW,,WBW_031,Exotische Früchte V,40 x 40 cm,Öl/Lwd.,2003,verkauft Herdmann,
WBW,,WBW_032,Exotische Früchte VI,40 x 40 cm,Öl/Lwd.,2003,,
WBW,,WBW_033,Exotische Früchte VII,40 x 40 cm,Öl/Lwd.,2003,Mechtild,350
WBW,,WBW_034,Fundstücke,70 x 65 cm,Öl/Papier/Holz (unter Glas),1983,Pelz-Leusden/Wohnung ??,
WBW,,WBW_035,Käthes Rhabarber in Berlin,45 x 65 cm,Gouache/Papier/Holz,1984,,
WBW,,WBW_036,Weiße Amaryllis,200 x 150 cm,Graphit/Öl/Lwd.,2003,Tanja Henningsen,1850
WBW,,WBW_037,Blätter gegen Himmel,120 x 100 cm,Öl/Lwd.,1996,,
WBW,,WBW_038,Gestrüpp,100 x 120 cm,Öl/Lwd.,1996,Ruth Lensing Varden ? ehemals Mutters Bild,
WBW,,WBW_039,Sonnenblumen,160 x 130 cm,Öl/Bw.,2014,Mechtild,1900
WBW,kein Bild,WBW_040,Großes Sonnenblumenbild,120 x 80 cm,Öl/Bw.,2000,Niklas Lensing,
WBW,kein Bild,WBW_041,Kleines Sonnenblumenbild,80 x 60 cm,Öl/Bw.,Ohne Jahr,Niklas Lensing,
WBW,kein Bild,WBW_042,Begegnungsversuche,70 x 100 cm,Öl/Papier,1985,,
WBW,,WBW_043,Blättergrün,120 x 100 cm,Misch./Lwd.,1996,,
WBW,,WBW_044,Mohnblume Sommerbild,130 x 95 cm,Öl/Nessel,1988,Privatbesitzer München,
WBW,,WBW_045,Durchbruch I,70 x 80 cm,Eit./Öl/Bw.,2016,missing,550
WBW,,WBW_046,Durchbruch II,80 x 70 cm,Öl/Bw.,2016,Felix,550
WBW,,WBW_047,Helmholzstraßenblumen,25 x 40 cm,Öl/Lwd.,2016,missing,
WBW,,WBW_048,Kohlkopf,40 x 40 cm,Öl/Lwd.,Ohne Jahr,missing,
WBW,,WBW_049,Herbstblätter zum Himmel hin,160 x 130 cm,,2006/2007,missing,
WBW,,WBW_050,Sonnenblumen,80 x 60 cm,,2000,A.Gasthaus Christ,
WBW,,WBW_051,Oleander,42 x 30 cm,Tempera/Öl/Papier,1983,missing,
WBW,,WBW_052,Meine Kastanien,43 x 58 cm,Litho auf Papier,1963,missing,
WBW,,WBW_053,Stilleben mit Wirsing,70 x 55 cm,Öl/Holz,2003,missing,
WBW,,WBW_054,Verwachsene Landschaft,60 x 80 cm,Öl/Lwd.,1991,Ruth,
WBW,,WBW_055,Alles ist im Wandel,42 x 64 cm,Mischt./Lwd.,2000,Borghees,800
WDV,,WDV_001,Wider das Vergessen  Jüdischer Friedhof Weißensee 1,85 x 70 cm,Graphit/Nessel,1995-2005,Luzie,400
WDV,,WDV_002,Wider das Vergessen  Jüdischer Friedhof Weißensee 2,85 x 70 cm,Graphit/Nessel,1995-2005,Luzie,400
WDV,,WDV_003,Wider das Vergessen  Jüdischer Friedhof Weißensee 3,85 x 70 cm,Graphit/Nessel,1995-2005,Luzie,400
WDV,,WDV_004,Wider das Vergessen  Jüdischer Friedhof Weißensee 4,85 x 70 cm,Graphit/Nessel,1995-2005,Luzie,400
WDV,,WDV_005,Wider das Vergessen  Jüdischer Friedhof Weißensee 5,85 x 70 cm,Graphit/Nessel,1995-2005,Luzie,400
WDV,,WDV_006,Wider das Vergessen  Jüdischer Friedhof Weißensee 6,85 x 70 cm,Graphit/Nessel,1995-2005,Luzie,400
WDV,,WDV_007,Wider das Vergessen  Jüdischer Friedhof Weißensee 7,85 x 70 cm,Graphit/Nessel,1995-2005,Luzie,400
WDV,,WDV_008,Wider das Vergessen  Jüdischer Friedhof Weißensee 8,85 x 70 cm,Graphit/Nessel,1995-2005,Luzie,400
WDV,,WDV_009,Wider das Vergessen  Jüdischer Friedhof Weißensee 9 (Tucholskys Mutter),85 x 70 cm,Graphit/Nessel,1995-2005,missing,
WDV,,WDV_010,Wider das Vergessen  Liesenstraße  Christliche Friedhöfe 1,85 x 70 cm,Graphit/Nessel,1990,Luzie,400
WDV,,WDV_011,Wider das Vergessen  Liesenstraße  Christliche Friedhöfe 2,85 x 70 cm,Graphit/Nessel,1990,Luzie,400
WDV,,WDV_012,Wider das Vergessen  Liesenstraße  Christliche Friedhöfe 3,85 x 70 cm,Graphit/Nessel,1990,Luzie,400
WDV,,WDV_013,Wider das Vergessen  Liesenstraße  Christliche Friedhöfe 4,85 x 70 cm,Graphit/Nessel,1990,Luzie,400
WNN,,WNN_000,Warum gibt es etwas und nicht nichts?,180 x 135 cm,Öl/Lwd.,2017,Luzie,1350
WNN,,WNN_001,Universum I,80 x 100 cm,Öl/Lwd.,2015/2016,Luzie,750
WNN,,WNN_002,Universum II,115 x 150 cm,Öl/Bw.,2016,Niklas Lensing,950
WNN,,WNN_003,Universum III,85 x 85 cm,Öl/Lwd.,2016,Luzie,500
WNN,,WNN_004,Universum IV,100 x 120 cm,Öl/Lwd.,2017,Luzie,750
WNN,,WNN_005,Universum V,100 x 120 cm,Öl/Lwd.,2017,Luzie,750
WNN,,WNN_006,Universum VI,85 x 85 cm,Öl/Lwd.,2016,,
WNN,,WNN_007,Universum VII,85 x 85 cm,Öl/Lwd.,2016,,
WNN,,WNN_008,Universum VIII,100 x 120 cm,Öl/Lwd.,2017,Luzie,750
WNN,,WNN_009,Universum/Hubbel,130 x 160 cm,Öl/Lwd.,2018,Luzie,1100
WNN,,WNN_010,Meteorit,100 x 120 cm,Öl/Lwd.,2017,Luzie,950
WNN,,WNN_011,Sternenschleier,100 x 120 cm,Öl/Lwd.,2018,Luzie,850
WNN,,WNN_012,Sternennebel,100 x 120 cm,Öl/Lwd.,2017,Luzie,850
WNN,,WNN_013,Universum IX,130 x 180 cm,Öl/Lwd.,2017,Luzie,1100
WNN,,WNN_014,Universum X,140 x 120 cm,Öl/Lwd.,2017,Luzie,1000
WWW,,WWW_001,"Wasser, Wellen, Wind I",100 x 120 cm,Öl/Lwd.,2002,Luzie,1000
WWW,,WWW_002,"Wasser, Wellen, Wind II",100 x 120 cm,Öl/Lwd.,2002,Luzie,1000
WWW,,WWW_003,"Wasser, Wellen, Wind III",100 x 120 cm,Öl/Lwd.,2002,verkauft,
WWW,,WWW_004,"Wasser, Wellen, Wind IV",100 x 120 cm,Öl/Eit./Lwd.,2002,Luzie,1000
WWW,kein Bild,WWW_005,"Wasser, Wellen, Wind V",100 x 120 cm,Öl/Lwd.,2002,verkauft,
WWW,,WWW_006,Wasser – Wellen – Wind VI,80 x 100 cm,Öl/Lwd.,2006,Luzie,850
WWW,,WWW_007,Wasser – Wellen – Wind VII,92 x 105 cm,Öl/Lwd.,2011,Agnes Widera,650
WWW,,WWW_008,Wasser-Wellen-Wind VIII,100 x 120 cm,Öl/Lwd,2011,,
WWW,,WWW_009,Am Ufer,135 x 100 cm,Öl/Lwd,2018,Luzie,950
WWW,schlechte Quali,WWW_010,Im giftgrünen Wasser,180 x 70 cm,Öl/Lwd.,2003,Luzie,950
WWW,,WWW_011,Weichende Wasser,160 x 120 cm,Öl/Lwd.,1997,Emmerich,
WWW,,WWW_012,Frosches Freude,175 x 75 cm,Mischt./Lwd.,2004,Borghees,950
WWW,,WWW_013,Meerestief,180 x 70 cm,Öl/Lwd,2001,Diana,950
WWW,,WWW_014,Gischt,180 x 70 cm,Eit./Öl/Lwd.,2001,"Bernhrd Lensing, Borken",
WWW,,WWW_015,Meeresgrund,180 x 70 cm,Öl/Lwd.,2001,Diana,950
WWW,,WWW_016,Versunken im Meerestief,180 x 70 cm,Eit./Öl/Lwd.,2001,Diana,950
WWW,,WWW_017,Feuersbrunst am Meeresgrund (Feuerbann - Lunge),180 x 70 cm,Öl/Lwd.,2006,Luzie,950
WWW,,WWW_018,Lichtbahn (am Meeresgrund) - Lichteinfall,180 x 70 cm,Öl/Lwd.,2005/2006,Mechtild,950
WWW,kein Bild,WWW_019,Tümpelwasser,80 x 60 cm,Öl/Eit./Lwd.,2006,missing,
WWW,,WWW_020,Sanft umspielt,200 x 150 cm,Öl/Eit./Lwd.,2007,Luzie,1450
WWW,,WWW_021,Große Woge I,200 x 150 cm,Eit./Öl/Lwd.,2007,Luzie,1450
WWW,,WWW_022,Große Woge II / Stürmische Woge,130 x 160 cm,Öl/Lwd.,2006,,
WWW,,WWW_023,Spreewasser,130 x 160 cm,Eit./Öl/Lwd.,2006/2008,Baumann gisela und wilhelm Vriendshof griether busch bei Rees,
WWW,,WWW_024,Großer Schwimmer,120 x 80 cm,Öl/Lwd.,2010,Felix,1500
WWW,,WWW_025,Kleiner Schwimmer,69 x 54 cm,Öl/Holz,2010,Anne Spee,400
WWW,,WWW_026,Insel im Pazifik (Japan),120 x 80 cm,Öl/Lwd.,2011,Clara Lensing,800
WWW,,WWW_027,Mini Wasserstrudel,30 x 40 cm,Öl/Lwd.,2011,"Tatjana Becker, Paris",
WWW,,WWW_028,Wellenlandschaft,30 x 40 cm oder 100 x 200,Öl/Lwd.,2011,missing,
WWW,,WWW_029,Wogende Wellen,130 x 180 cm,Öl/Bw.,2011,missing,1350
WWW,,WWW_030,no name,,,,verkauft,
ZUB,,ZUB_001,Licht fällt durch den Regenwald,215 x 145 cm,Mischt./Lwd.,1988/1989,verkauft,
ZUB,,ZUB_002,Zauber und Bann,215 x 145 cm,Mischt./Lwd.,1988 - 1998,Luzie,1650
ZUB,,ZUB_003,Gebrannte Erde,215 x 145 cm,Mischt./Lwd.,1989/1989,Luzie,1650
ZUB,,ZUB_004, Gottesanbeterin,200 x 150 cm,Eit./Öl/Lwd.,2002,Felix,1650
ZUB,,ZUB_005,Geheime Quelle,80 x 80 cm,Öl/Bw.,2002,,
ZUB,,ZUB_006,Zerfliessende (Schwimmende) Kontinente,200 x 150 cm,Eit./Öl./Lwd.,2002,Luzie,1650
ZUB,,ZUB_007,Herbstwind Diptychon,150 x 240 cm,Öl/Lwd.,1986,Borghees,2250
ZUB,,ZUB_008,Vor dem Sturm,100 x 120 cm,Mischt./Lwd.,2002,Borghees,950
ZUB,,ZUB_009,Glutbaum,160 x 130 cm,Mischt./Lwd.,2003,Borghees,1550
ZUB,,ZUB_010,Turbulenzen am nächtlichen Himmel,130 x 160 cm,Eit./Öl/Lwd.,2005,Luzie,1550
ZUB,,ZUB_011,Blätterschwirren,160 x 130 cm,Eit./Öl/Lwd.,2003,missing,1550
ZUB,,ZUB_012,Wüstenquelle,100 x 120 cm,Mischt./Lwd.,2000,Gisela Baumann,900
ZUB,,ZUB_013,Karst (Küste Kroatien),130 x 160 cm,Mischt./Lwd.,2000,Luzie,1550